{
  "timestamp": "2025-10-15T20:22:08.861699",
  "total_sessions": 43,
  "typical_pattern": {
    "sequence": [
      "PLAN",
      "REMEMBER",
      "ASSESS",
      "ANALYZE",
      "ARCHITECT",
      "IMPLEMENT",
      "DEBUG",
      "TEST",
      "LEARN",
      "DOCUMENT",
      "LOG"
    ],
    "avg_phases": 27.627906976744185,
    "common_transitions": {
      "T\u2192P": 5,
      "P\u2192CEPH": 1,
      "CEPH\u2192I": 19,
      "I\u2192P": 1,
      "P\u2192P": 313,
      "P\u2192A": 24,
      "A\u2192M": 12,
      "M\u2192L": 3,
      "L\u2192V": 1,
      "V\u2192P": 1,
      "T\u2192CEPH": 25,
      "I\u2192F": 8,
      "F\u2192P": 18,
      "P\u2192PLAN": 4,
      "PLAN\u2192REMEMBER": 4,
      "REMEMBER\u2192ASSESS": 4,
      "ASSESS\u2192ANALYZE": 4,
      "ANALYZE\u2192ARCHITECT": 4,
      "ARCHITECT\u2192IMPLEMENT": 3,
      "IMPLEMENT\u2192TEST": 2,
      "TEST\u2192LEARN": 4,
      "LEARN\u2192DOCUMENT": 4,
      "DOCUMENT\u2192LOG": 3,
      "LOG\u2192C": 3,
      "C\u2192P": 10,
      "A\u2192A": 14,
      "A\u2192C": 11,
      "C\u2192C": 14,
      "C\u2192D": 12,
      "D\u2192M": 17,
      "M\u2192I": 1,
      "I\u2192M": 11,
      "M\u2192F": 12,
      "P\u2192L": 19,
      "L\u2192F": 1,
      "F\u2192M": 2,
      "M\u2192P": 6,
      "A\u2192S": 4,
      "S\u2192T": 5,
      "T\u2192D": 12,
      "P\u2192UI": 3,
      "UI\u2192R": 1,
      "R\u2192K": 1,
      "K\u2192S": 1,
      "T\u2192S": 4,
      "S\u2192CEPH": 3,
      "CEPH\u2192P": 15,
      "L\u2192A": 4,
      "A\u2192P": 8,
      "P\u2192V": 1,
      "V\u2192S": 1,
      "P\u2192F": 5,
      "F\u2192F": 6,
      "P\u2192C": 10,
      "P\u2192H": 3,
      "H\u2192H": 3,
      "H\u2192P": 7,
      "P\u2192U": 2,
      "U\u2192I": 1,
      "I\u2192I": 1,
      "I\u2192U": 2,
      "U\u2192P": 2,
      "L\u2192P": 18,
      "P\u2192D": 2,
      "D\u2192L": 1,
      "L\u2192D": 2,
      "D\u2192S": 3,
      "M\u2192V": 2,
      "V\u2192F": 1,
      "F\u2192K": 1,
      "K\u2192O": 1,
      "O\u2192R": 1,
      "R\u2192S": 5,
      "A\u2192T": 5,
      "T\u2192A": 4,
      "C\u2192M": 2,
      "M\u2192D": 3,
      "S\u2192H": 1,
      "H\u2192F": 3,
      "F\u2192QM": 1,
      "QM\u2192D": 1,
      "D\u2192A": 5,
      "A\u2192F": 2,
      "F\u2192A": 2,
      "M\u2192M": 2,
      "T\u2192E": 5,
      "E\u2192P": 5,
      "P\u2192R": 4,
      "R\u2192C": 1,
      "C\u2192Q": 2,
      "Q\u2192U": 1,
      "U\u2192O": 1,
      "O\u2192L": 1,
      "A\u2192O": 1,
      "O\u2192S": 1,
      "S\u2192R": 1,
      "S\u2192Q": 1,
      "Q\u2192F": 1,
      "A\u2192D": 4,
      "D\u2192I": 1,
      "I\u2192D": 1,
      "D\u2192C": 9,
      "C\u2192H": 4,
      "P\u2192S": 6,
      "S\u2192F": 3,
      "F\u2192U": 1,
      "U\u2192V": 1,
      "V\u2192C": 2,
      "P\u2192STATUS": 2,
      "STATUS\u2192STATUS": 19,
      "STATUS\u2192L": 1,
      "M\u2192A": 5,
      "R\u2192R": 2,
      "E\u2192S": 1,
      "F\u2192POST": 1,
      "POST\u2192F": 1,
      "F\u2192C": 3,
      "D\u2192W": 1,
      "W\u2192F": 2,
      "E\u2192T": 2,
      "ARCHITECT\u2192M": 1,
      "M\u2192TOC": 1,
      "TOC\u2192O": 1,
      "O\u2192E": 1,
      "P\u2192T": 2,
      "T\u2192C": 5,
      "C\u2192IMPLEMENT": 1,
      "DOCUMENT\u2192D": 1,
      "D\u2192LOG": 1,
      "F\u2192D": 2,
      "Q\u2192C": 2,
      "F\u2192R": 2,
      "P\u2192O": 1,
      "O\u2192M": 1,
      "M\u2192T": 4,
      "D\u2192H": 1,
      "E\u2192CEPH": 4,
      "C\u2192T": 10,
      "T\u2192I": 1,
      "U\u2192A": 1,
      "L\u2192S": 2,
      "S\u2192C": 4,
      "P\u2192PRE": 3,
      "PRE\u2192CLEANUP": 3,
      "CLEANUP\u2192P": 1,
      "P\u2192POST": 2,
      "POST\u2192L": 2,
      "A\u2192B": 1,
      "B\u2192O": 1,
      "O\u2192A": 1,
      "P\u2192M": 3,
      "M\u2192W": 6,
      "P\u2192G": 2,
      "G\u2192C": 3,
      "W\u2192P": 5,
      "CLEANUP\u2192PROJECT": 2,
      "PROJECT\u2192P": 1,
      "P\u2192GLOBAL": 1,
      "GLOBAL\u2192P": 1,
      "POST\u2192P": 1,
      "G\u2192VALIDATION": 1,
      "VALIDATION\u2192G": 1,
      "G\u2192P": 1,
      "C\u2192K": 1,
      "K\u2192VMP": 1,
      "VMP\u2192T": 1,
      "T\u2192V": 1,
      "C\u2192L": 1,
      "P\u2192B": 2,
      "B\u2192B": 8,
      "B\u2192A": 1,
      "M\u2192G": 1,
      "G\u2192B": 1,
      "B\u2192M": 1,
      "M\u2192HANDOFFS": 1,
      "HANDOFFS\u2192P": 1,
      "C\u2192N": 1,
      "S\u2192S": 1,
      "S\u2192M": 1,
      "M\u2192S": 1,
      "S\u2192W": 2,
      "W\u2192T": 1,
      "T\u2192U": 2,
      "IMPLEMENT\u2192DEBUG": 2,
      "DEBUG\u2192TEST": 2,
      "C\u2192A": 4,
      "A\u2192K": 1,
      "K\u2192W": 1,
      "W\u2192U": 1,
      "U\u2192T": 1,
      "P\u2192E": 2,
      "E\u2192D": 1,
      "D\u2192G": 1,
      "STATUS\u2192C": 1,
      "A\u2192R": 1,
      "R\u2192P": 1,
      "V\u2192R": 1,
      "L\u2192T": 3,
      "T\u2192M": 1,
      "R\u2192W": 4,
      "W\u2192I": 1,
      "I\u2192VMP": 1,
      "I\u2192CEPH": 3,
      "CEPH\u2192CEPH": 18,
      "I\u2192O": 1,
      "O\u2192D": 2,
      "C\u2192CEPH": 1,
      "B\u2192P": 1,
      "E\u2192E": 2,
      "P\u2192TECH": 1,
      "TECH\u2192P": 1,
      "P\u2192K": 1,
      "K\u2192D": 1,
      "D\u2192D": 7,
      "U\u2192M": 1,
      "M\u2192R": 2,
      "R\u2192L": 1,
      "A\u2192H": 1,
      "P\u2192I": 3,
      "I\u2192T": 2,
      "T\u2192F": 2,
      "F\u2192H": 2,
      "M\u2192C": 5,
      "D\u2192Q": 1,
      "LOG\u2192VMP": 1,
      "VMP\u2192VMP": 1,
      "VMP\u2192D": 1,
      "D\u2192T": 4,
      "C\u2192B": 1,
      "B\u2192L": 1,
      "C\u2192U": 1,
      "U\u2192U": 3,
      "U\u2192S": 1,
      "T\u2192N": 1,
      "N\u2192I": 1,
      "F\u2192T": 1,
      "S\u2192P": 4,
      "P\u2192DEBUG": 1,
      "DEBUG\u2192DEBUG": 3,
      "DEBUG\u2192P": 1,
      "S\u2192D": 1,
      "P\u2192W": 2,
      "W\u2192W": 4,
      "W\u2192S": 1,
      "UI\u2192S": 1,
      "S\u2192O": 1,
      "D\u2192B": 1,
      "T\u2192B": 1,
      "B\u2192C": 1,
      "C\u2192O": 1,
      "O\u2192N": 1,
      "N\u2192H": 1,
      "T\u2192T": 1,
      "W\u2192R": 1,
      "W\u2192M": 1,
      "UI\u2192L": 1,
      "F\u2192I": 1,
      "I\u2192S": 1,
      "S\u2192L": 1,
      "L\u2192R": 1,
      "W\u2192L": 1,
      "L\u2192C": 1,
      "PROJECT\u2192PROJECT": 1,
      "PROJECT\u2192GLOBAL": 1,
      "GLOBAL\u2192GLOBAL": 1,
      "GLOBAL\u2192POST": 1,
      "W\u2192G": 1,
      "M\u2192Q": 1,
      "Q\u2192A": 1,
      "H\u2192S": 1,
      "F\u2192S": 1,
      "U\u2192C": 1,
      "C\u2192S": 1,
      "S\u2192A": 1,
      "W\u2192K": 1,
      "S\u2192V": 1,
      "V\u2192U": 1
    },
    "vmp_patterns": {
      "VMP\u2192USER": 2,
      "IMPLEMENT\u2192USER": 3,
      "ANALYZE\u2192USER": 1
    }
  },
  "compliance_scores": {
    "memory_loading": 11.627906976744185,
    "codegraph_loading": 11.627906976744185,
    "svp_emission": 4.651162790697675,
    "cvp_emission": 4.651162790697675,
    "ceph_maintenance": 6.976744186046512,
    "codegraph_queries_implement": 4.651162790697675,
    "test_100_percent": 46.51162790697674,
    "user_verification": 46.51162790697674,
    "learning_extraction": 58.139534883720934,
    "documentation_update": 30.23255813953488,
    "workflow_logging": 100.0
  },
  "effectiveness_metrics": {
    "avg_phases": 27.627906976744185,
    "avg_vmp_events": 0.13953488372093023,
    "test_pass_rate": 0.9008532646704152,
    "avg_learnings": 3.558139534883721,
    "doc_update_rate": 0.3023255813953488,
    "workflow_logging_rate": 1.0
  },
  "sessions_analyzed": [
    {
      "file": "workflow_auto_connect_initialization_fix_20251012.md",
      "date": "2025-10-12T00:00:00",
      "feature": "auto_connect_initialization_fix",
      "phases": 12,
      "vmp_events": 0,
      "test_pass_rate": 1.0,
      "learnings": 3
    },
    {
      "file": "workflow_bstool_bundling_20251009.md",
      "date": "2025-10-09T00:00:00",
      "feature": "bstool_bundling",
      "phases": 25,
      "vmp_events": 0,
      "test_pass_rate": 1.0,